api,fetch_time,station,head_sign,projected_arrival,last_updated,door_open,door_close,scheduled_departure
OFFICIAL,2022-11-20T10:52:08.305410-05:00,HOB,33rd Street via Hoboken,2022-11-20T11:02:46.252749-05:00,2022-11-20T10:50:56.252749-05:00,2022-11-20T11:02:28-05:00,2022-11-20T11:04:32-05:00,2022-11-20T11:01:00-05:00
OFFICIAL,2022-11-20T10:52:21.306084-05:00,HOB,33rd Street via Hoboken,2022-11-20T11:02:46.252749-05:00,2022-11-20T10:50:56.252749-05:00,2022-11-20T11:02:28-05:00,2022-11-20T11:04:32-05:00,2022-11-20T11:01:00-05:00
MRAZZA,2022-11-20T10:52:27.040895-05:00,HOB,33rd Street via Hoboken,2022-11-20T11:02:51-05:00,2022-11-20T10:52:25-05:00,2022-11-20T11:02:28-05:00,2022-11-20T11:04:32-05:00,2022-11-20T11:01:00-05:00
OFFICIAL,2022-11-20T10:52:27.171539-05:00,HOB,33rd Street via Hoboken,2022-11-20T11:02:46.270143-05:00,2022-11-20T10:51:26.270143-05:00,2022-11-20T11:02:28-05:00,2022-11-20T11:04:32-05:00,2022-11-20T11:01:00-05:00
MRAZZA,2022-11-20T10:52:32.352897-05:00,HOB,33rd Street via Hoboken,2022-11-20T11:03:01-05:00,2022-11-20T10:52:30-05:00,2022-11-20T11:02:28-05:00,2022-11-20T11:04:32-05:00,2022-11-20T11:01:00-05:00
OFFICIAL,2022-11-20T10:52:32.454135-05:00,HOB,33rd Street via Hoboken,2022-11-20T11:02:46.270143-05:00,2022-11-20T10:51:26.270143-05:00,2022-11-20T11:02:28-05:00,2022-11-20T11:04:32-05:00,2022-11-20T11:01:00-05:00
MRAZZA,2022-11-20T10:52:39.112724-05:00,HOB,33rd Street via Hoboken,2022-11-20T11:03:02-05:00,2022-11-20T10:52:35-05:00,2022-11-20T11:02:28-05:00,2022-11-20T11:04:32-05:00,2022-11-20T11:01:00-05:00
OFFICIAL,2022-11-20T10:52:39.262530-05:00,HOB,33rd Street via Hoboken,2022-11-20T11:02:46.270143-05:00,2022-11-20T10:51:26.270143-05:00,2022-11-20T11:02:28-05:00,2022-11-20T11:04:32-05:00,2022-11-20T11:01:00-05:00
MRAZZA,2022-11-20T10:52:50.487859-05:00,HOB,33rd Street via Hoboken,2022-11-20T11:03:23-05:00,2022-11-20T10:52:50-05:00,2022-11-20T11:02:28-05:00,2022-11-20T11:04:32-05:00,2022-11-20T11:01:00-05:00
OFFICIAL,2022-11-20T10:52:50.606362-05:00,HOB,33rd Street via Hoboken,2022-11-20T11:02:46.270143-05:00,2022-11-20T10:51:26.270143-05:00,2022-11-20T11:02:28-05:00,2022-11-20T11:04:32-05:00,2022-11-20T11:01:00-05:00
MRAZZA,2022-11-20T10:52:56.299816-05:00,HOB,33rd Street via Hoboken,2022-11-20T11:03:23-05:00,2022-11-20T10:52:55-05:00,2022-11-20T11:02:28-05:00,2022-11-20T11:04:32-05:00,2022-11-20T11:01:00-05:00
OFFICIAL,2022-11-20T10:52:56.416174-05:00,HOB,33rd Street via Hoboken,2022-11-20T11:02:46.270143-05:00,2022-11-20T10:51:26.270143-05:00,2022-11-20T11:02:28-05:00,2022-11-20T11:04:32-05:00,2022-11-20T11:01:00-05:00
MRAZZA,2022-11-20T10:53:02.082330-05:00,HOB,33rd Street via Hoboken,2022-11-20T11:03:32-05:00,2022-11-20T10:53:00-05:00,2022-11-20T11:02:28-05:00,2022-11-20T11:04:32-05:00,2022-11-20T11:01:00-05:00
OFFICIAL,2022-11-20T10:53:02.342634-05:00,HOB,33rd Street via Hoboken,2022-11-20T11:02:46.270143-05:00,2022-11-20T10:51:26.270143-05:00,2022-11-20T11:02:28-05:00,2022-11-20T11:04:32-05:00,2022-11-20T11:01:00-05:00
MRAZZA,2022-11-20T10:53:07.486710-05:00,HOB,33rd Street via Hoboken,2022-11-20T11:03:33-05:00,2022-11-20T10:53:05-05:00,2022-11-20T11:02:28-05:00,2022-11-20T11:04:32-05:00,2022-11-20T11:01:00-05:00
OFFICIAL,2022-11-20T10:53:07.700984-05:00,HOB,33rd Street via Hoboken,2022-11-20T11:02:46.270143-05:00,2022-11-20T10:51:26.270143-05:00,2022-11-20T11:02:28-05:00,2022-11-20T11:04:32-05:00,2022-11-20T11:01:00-05:00
MRAZZA,2022-11-20T10:53:15.885145-05:00,HOB,33rd Street via Hoboken,2022-11-20T11:03:47-05:00,2022-11-20T10:53:15-05:00,2022-11-20T11:02:28-05:00,2022-11-20T11:04:32-05:00,2022-11-20T11:01:00-05:00
OFFICIAL,2022-11-20T10:53:17.832880-05:00,HOB,33rd Street via Hoboken,2022-11-20T11:03:02.323187-05:00,2022-11-20T10:52:31.323187-05:00,2022-11-20T11:02:28-05:00,2022-11-20T11:04:32-05:00,2022-11-20T11:01:00-05:00
MRAZZA,2022-11-20T10:53:24.027225-05:00,HOB,33rd Street via Hoboken,2022-11-20T11:03:48-05:00,2022-11-20T10:53:20-05:00,2022-11-20T11:02:28-05:00,2022-11-20T11:04:32-05:00,2022-11-20T11:01:00-05:00
OFFICIAL,2022-11-20T10:53:24.155071-05:00,HOB,33rd Street via Hoboken,2022-11-20T11:03:02.323187-05:00,2022-11-20T10:52:31.323187-05:00,2022-11-20T11:02:28-05:00,2022-11-20T11:04:32-05:00,2022-11-20T11:01:00-05:00
MRAZZA,2022-11-20T10:53:29.304647-05:00,HOB,33rd Street via Hoboken,2022-11-20T11:03:47-05:00,2022-11-20T10:53:25-05:00,2022-11-20T11:02:28-05:00,2022-11-20T11:04:32-05:00,2022-11-20T11:01:00-05:00
OFFICIAL,2022-11-20T10:53:29.411276-05:00,HOB,33rd Street via Hoboken,2022-11-20T11:03:02.323187-05:00,2022-11-20T10:52:31.323187-05:00,2022-11-20T11:02:28-05:00,2022-11-20T11:04:32-05:00,2022-11-20T11:01:00-05:00
MRAZZA,2022-11-20T10:53:35.592043-05:00,HOB,33rd Street via Hoboken,2022-11-20T11:03:47-05:00,2022-11-20T10:53:35-05:00,2022-11-20T11:02:28-05:00,2022-11-20T11:04:32-05:00,2022-11-20T11:01:00-05:00
OFFICIAL,2022-11-20T10:53:35.753351-05:00,HOB,33rd Street via Hoboken,2022-11-20T11:03:13.220333-05:00,2022-11-20T10:52:41.220333-05:00,2022-11-20T11:02:28-05:00,2022-11-20T11:04:32-05:00,2022-11-20T11:01:00-05:00
MRAZZA,2022-11-20T10:53:41.399746-05:00,HOB,33rd Street via Hoboken,2022-11-20T11:03:47-05:00,2022-11-20T10:53:40-05:00,2022-11-20T11:02:28-05:00,2022-11-20T11:04:32-05:00,2022-11-20T11:01:00-05:00
OFFICIAL,2022-11-20T10:53:41.558875-05:00,HOB,33rd Street via Hoboken,2022-11-20T11:03:13.220333-05:00,2022-11-20T10:52:41.220333-05:00,2022-11-20T11:02:28-05:00,2022-11-20T11:04:32-05:00,2022-11-20T11:01:00-05:00
MRAZZA,2022-11-20T10:53:47.206967-05:00,HOB,33rd Street via Hoboken,2022-11-20T11:03:46-05:00,2022-11-20T10:53:45-05:00,2022-11-20T11:02:28-05:00,2022-11-20T11:04:32-05:00,2022-11-20T11:01:00-05:00
OFFICIAL,2022-11-20T10:53:47.414673-05:00,HOB,33rd Street via Hoboken,2022-11-20T11:03:13.220333-05:00,2022-11-20T10:52:41.220333-05:00,2022-11-20T11:02:28-05:00,2022-11-20T11:04:32-05:00,2022-11-20T11:01:00-05:00
MRAZZA,2022-11-20T10:53:53.583477-05:00,HOB,33rd Street via Hoboken,2022-11-20T11:03:47-05:00,2022-11-20T10:53:50-05:00,2022-11-20T11:02:28-05:00,2022-11-20T11:04:32-05:00,2022-11-20T11:01:00-05:00
OFFICIAL,2022-11-20T10:53:53.713703-05:00,HOB,33rd Street via Hoboken,2022-11-20T11:03:13.220333-05:00,2022-11-20T10:52:41.220333-05:00,2022-11-20T11:02:28-05:00,2022-11-20T11:04:32-05:00,2022-11-20T11:01:00-05:00
MRAZZA,2022-11-20T10:53:59.364620-05:00,HOB,33rd Street via Hoboken,2022-11-20T11:03:47-05:00,2022-11-20T10:53:55-05:00,2022-11-20T11:02:28-05:00,2022-11-20T11:04:32-05:00,2022-11-20T11:01:00-05:00
OFFICIAL,2022-11-20T10:53:59.475737-05:00,HOB,33rd Street via Hoboken,2022-11-20T11:03:13.220333-05:00,2022-11-20T10:52:41.220333-05:00,2022-11-20T11:02:28-05:00,2022-11-20T11:04:32-05:00,2022-11-20T11:01:00-05:00
MRAZZA,2022-11-20T10:54:04.625142-05:00,HOB,33rd Street via Hoboken,2022-11-20T11:03:46-05:00,2022-11-20T10:54:00-05:00,2022-11-20T11:02:28-05:00,2022-11-20T11:04:32-05:00,2022-11-20T11:01:00-05:00
OFFICIAL,2022-11-20T10:54:04.872778-05:00,HOB,33rd Street via Hoboken,2022-11-20T11:03:13.220333-05:00,2022-11-20T10:52:41.220333-05:00,2022-11-20T11:02:28-05:00,2022-11-20T11:04:32-05:00,2022-11-20T11:01:00-05:00
MRAZZA,2022-11-20T10:54:10.098984-05:00,HOB,33rd Street via Hoboken,2022-11-20T11:03:46-05:00,2022-11-20T10:54:05-05:00,2022-11-20T11:02:28-05:00,2022-11-20T11:04:32-05:00,2022-11-20T11:01:00-05:00
OFFICIAL,2022-11-20T10:54:10.242824-05:00,HOB,33rd Street via Hoboken,2022-11-20T11:03:42.441906-05:00,2022-11-20T10:53:06.441906-05:00,2022-11-20T11:02:28-05:00,2022-11-20T11:04:32-05:00,2022-11-20T11:01:00-05:00
MRAZZA,2022-11-20T10:54:15.905974-05:00,HOB,33rd Street via Hoboken,2022-11-20T11:03:46-05:00,2022-11-20T10:54:15-05:00,2022-11-20T11:02:28-05:00,2022-11-20T11:04:32-05:00,2022-11-20T11:01:00-05:00
OFFICIAL,2022-11-20T10:54:16.063159-05:00,HOB,33rd Street via Hoboken,2022-11-20T11:03:42.441906-05:00,2022-11-20T10:53:06.441906-05:00,2022-11-20T11:02:28-05:00,2022-11-20T11:04:32-05:00,2022-11-20T11:01:00-05:00
MRAZZA,2022-11-20T10:54:21.727283-05:00,HOB,33rd Street via Hoboken,2022-11-20T11:03:47-05:00,2022-11-20T10:54:20-05:00,2022-11-20T11:02:28-05:00,2022-11-20T11:04:32-05:00,2022-11-20T11:01:00-05:00
OFFICIAL,2022-11-20T10:54:21.846216-05:00,HOB,33rd Street via Hoboken,2022-11-20T11:03:42.441906-05:00,2022-11-20T10:53:06.441906-05:00,2022-11-20T11:02:28-05:00,2022-11-20T11:04:32-05:00,2022-11-20T11:01:00-05:00
MRAZZA,2022-11-20T10:54:26.993271-05:00,HOB,33rd Street via Hoboken,2022-11-20T11:03:46-05:00,2022-11-20T10:54:25-05:00,2022-11-20T11:02:28-05:00,2022-11-20T11:04:32-05:00,2022-11-20T11:01:00-05:00
OFFICIAL,2022-11-20T10:54:27.098156-05:00,HOB,33rd Street via Hoboken,2022-11-20T11:03:42.441906-05:00,2022-11-20T10:53:06.441906-05:00,2022-11-20T11:02:28-05:00,2022-11-20T11:04:32-05:00,2022-11-20T11:01:00-05:00
MRAZZA,2022-11-20T10:54:32.275901-05:00,HOB,33rd Street via Hoboken,2022-11-20T11:03:46-05:00,2022-11-20T10:54:30-05:00,2022-11-20T11:02:28-05:00,2022-11-20T11:04:32-05:00,2022-11-20T11:01:00-05:00
OFFICIAL,2022-11-20T10:54:32.427659-05:00,HOB,33rd Street via Hoboken,2022-11-20T11:03:47.292279-05:00,2022-11-20T10:53:46.292279-05:00,2022-11-20T11:02:28-05:00,2022-11-20T11:04:32-05:00,2022-11-20T11:01:00-05:00
MRAZZA,2022-11-20T10:54:37.633730-05:00,HOB,33rd Street via Hoboken,2022-11-20T11:03:47-05:00,2022-11-20T10:54:35-05:00,2022-11-20T11:02:28-05:00,2022-11-20T11:04:32-05:00,2022-11-20T11:01:00-05:00
OFFICIAL,2022-11-20T10:54:37.983984-05:00,HOB,33rd Street via Hoboken,2022-11-20T11:03:47.292279-05:00,2022-11-20T10:53:46.292279-05:00,2022-11-20T11:02:28-05:00,2022-11-20T11:04:32-05:00,2022-11-20T11:01:00-05:00
MRAZZA,2022-11-20T10:54:43.167234-05:00,HOB,33rd Street via Hoboken,2022-11-20T11:03:46-05:00,2022-11-20T10:54:40-05:00,2022-11-20T11:02:28-05:00,2022-11-20T11:04:32-05:00,2022-11-20T11:01:00-05:00
OFFICIAL,2022-11-20T10:54:45.468188-05:00,HOB,33rd Street via Hoboken,2022-11-20T11:03:47.292279-05:00,2022-11-20T10:53:46.292279-05:00,2022-11-20T11:02:28-05:00,2022-11-20T11:04:32-05:00,2022-11-20T11:01:00-05:00
MRAZZA,2022-11-20T10:54:51.107341-05:00,HOB,33rd Street via Hoboken,2022-11-20T11:03:50-05:00,2022-11-20T10:54:50-05:00,2022-11-20T11:02:28-05:00,2022-11-20T11:04:32-05:00,2022-11-20T11:01:00-05:00
OFFICIAL,2022-11-20T10:54:51.317333-05:00,HOB,33rd Street via Hoboken,2022-11-20T11:03:47.292279-05:00,2022-11-20T10:53:46.292279-05:00,2022-11-20T11:02:28-05:00,2022-11-20T11:04:32-05:00,2022-11-20T11:01:00-05:00
MRAZZA,2022-11-20T10:54:57.978388-05:00,HOB,33rd Street via Hoboken,2022-11-20T11:03:50-05:00,2022-11-20T10:54:55-05:00,2022-11-20T11:02:28-05:00,2022-11-20T11:04:32-05:00,2022-11-20T11:01:00-05:00
OFFICIAL,2022-11-20T10:54:58.104678-05:00,HOB,33rd Street via Hoboken,2022-11-20T11:03:47.292279-05:00,2022-11-20T10:53:46.292279-05:00,2022-11-20T11:02:28-05:00,2022-11-20T11:04:32-05:00,2022-11-20T11:01:00-05:00
MRAZZA,2022-11-20T10:55:03.760657-05:00,HOB,33rd Street via Hoboken,2022-11-20T11:03:50-05:00,2022-11-20T10:55:00-05:00,2022-11-20T11:02:28-05:00,2022-11-20T11:04:32-05:00,2022-11-20T11:01:00-05:00
OFFICIAL,2022-11-20T10:55:03.883980-05:00,HOB,33rd Street via Hoboken,2022-11-20T11:03:47.352276-05:00,2022-11-20T10:54:16.352276-05:00,2022-11-20T11:02:28-05:00,2022-11-20T11:04:32-05:00,2022-11-20T11:01:00-05:00
MRAZZA,2022-11-20T10:55:12.593951-05:00,HOB,33rd Street via Hoboken,2022-11-20T11:03:50-05:00,2022-11-20T10:55:10-05:00,2022-11-20T11:02:28-05:00,2022-11-20T11:04:32-05:00,2022-11-20T11:01:00-05:00
OFFICIAL,2022-11-20T10:55:12.703542-05:00,HOB,33rd Street via Hoboken,2022-11-20T11:03:47.352276-05:00,2022-11-20T10:54:16.352276-05:00,2022-11-20T11:02:28-05:00,2022-11-20T11:04:32-05:00,2022-11-20T11:01:00-05:00
MRAZZA,2022-11-20T10:55:17.846116-05:00,HOB,33rd Street via Hoboken,2022-11-20T11:03:50-05:00,2022-11-20T10:55:15-05:00,2022-11-20T11:02:28-05:00,2022-11-20T11:04:32-05:00,2022-11-20T11:01:00-05:00
OFFICIAL,2022-11-20T10:55:17.970396-05:00,HOB,33rd Street via Hoboken,2022-11-20T11:03:47.352276-05:00,2022-11-20T10:54:16.352276-05:00,2022-11-20T11:02:28-05:00,2022-11-20T11:04:32-05:00,2022-11-20T11:01:00-05:00
MRAZZA,2022-11-20T10:55:23.154126-05:00,HOB,33rd Street via Hoboken,2022-11-20T11:03:50-05:00,2022-11-20T10:55:20-05:00,2022-11-20T11:02:28-05:00,2022-11-20T11:04:32-05:00,2022-11-20T11:01:00-05:00
OFFICIAL,2022-11-20T10:55:23.249471-05:00,HOB,33rd Street via Hoboken,2022-11-20T11:03:47.339547-05:00,2022-11-20T10:54:01.339547-05:00,2022-11-20T11:02:28-05:00,2022-11-20T11:04:32-05:00,2022-11-20T11:01:00-05:00
MRAZZA,2022-11-20T10:55:28.397701-05:00,HOB,33rd Street via Hoboken,2022-11-20T11:03:50-05:00,2022-11-20T10:55:25-05:00,2022-11-20T11:02:28-05:00,2022-11-20T11:04:32-05:00,2022-11-20T11:01:00-05:00
OFFICIAL,2022-11-20T10:55:28.492963-05:00,HOB,33rd Street via Hoboken,2022-11-20T11:03:47.339547-05:00,2022-11-20T10:54:01.339547-05:00,2022-11-20T11:02:28-05:00,2022-11-20T11:04:32-05:00,2022-11-20T11:01:00-05:00
MRAZZA,2022-11-20T10:55:33.661505-05:00,HOB,33rd Street via Hoboken,2022-11-20T11:03:50-05:00,2022-11-20T10:55:30-05:00,2022-11-20T11:02:28-05:00,2022-11-20T11:04:32-05:00,2022-11-20T11:01:00-05:00
OFFICIAL,2022-11-20T10:55:33.764040-05:00,HOB,33rd Street via Hoboken,2022-11-20T11:03:47.339547-05:00,2022-11-20T10:54:01.339547-05:00,2022-11-20T11:02:28-05:00,2022-11-20T11:04:32-05:00,2022-11-20T11:01:00-05:00
MRAZZA,2022-11-20T10:55:38.906358-05:00,HOB,33rd Street via Hoboken,2022-11-20T11:03:50-05:00,2022-11-20T10:55:35-05:00,2022-11-20T11:02:28-05:00,2022-11-20T11:04:32-05:00,2022-11-20T11:01:00-05:00
OFFICIAL,2022-11-20T10:55:40.125390-05:00,HOB,33rd Street via Hoboken,2022-11-20T11:03:47.339547-05:00,2022-11-20T10:54:01.339547-05:00,2022-11-20T11:02:28-05:00,2022-11-20T11:04:32-05:00,2022-11-20T11:01:00-05:00
MRAZZA,2022-11-20T10:55:45.768269-05:00,HOB,33rd Street via Hoboken,2022-11-20T11:03:50-05:00,2022-11-20T10:55:45-05:00,2022-11-20T11:02:28-05:00,2022-11-20T11:04:32-05:00,2022-11-20T11:01:00-05:00
OFFICIAL,2022-11-20T10:55:45.891008-05:00,HOB,33rd Street via Hoboken,2022-11-20T11:03:47.339547-05:00,2022-11-20T10:54:01.339547-05:00,2022-11-20T11:02:28-05:00,2022-11-20T11:04:32-05:00,2022-11-20T11:01:00-05:00
MRAZZA,2022-11-20T10:55:53.067649-05:00,HOB,33rd Street via Hoboken,2022-11-20T11:03:50-05:00,2022-11-20T10:55:50-05:00,2022-11-20T11:02:28-05:00,2022-11-20T11:04:32-05:00,2022-11-20T11:01:00-05:00
OFFICIAL,2022-11-20T10:55:53.208901-05:00,HOB,33rd Street via Hoboken,2022-11-20T11:03:47.339547-05:00,2022-11-20T10:54:01.339547-05:00,2022-11-20T11:02:28-05:00,2022-11-20T11:04:32-05:00,2022-11-20T11:01:00-05:00
MRAZZA,2022-11-20T10:55:58.397355-05:00,HOB,33rd Street via Hoboken,2022-11-20T11:03:50-05:00,2022-11-20T10:55:55-05:00,2022-11-20T11:02:28-05:00,2022-11-20T11:04:32-05:00,2022-11-20T11:01:00-05:00
OFFICIAL,2022-11-20T10:55:58.507381-05:00,HOB,33rd Street via Hoboken,2022-11-20T11:03:47.339547-05:00,2022-11-20T10:54:01.339547-05:00,2022-11-20T11:02:28-05:00,2022-11-20T11:04:32-05:00,2022-11-20T11:01:00-05:00
MRAZZA,2022-11-20T10:56:03.654183-05:00,HOB,33rd Street via Hoboken,2022-11-20T11:03:50-05:00,2022-11-20T10:56:00-05:00,2022-11-20T11:02:28-05:00,2022-11-20T11:04:32-05:00,2022-11-20T11:01:00-05:00
OFFICIAL,2022-11-20T10:56:03.772437-05:00,HOB,33rd Street via Hoboken,2022-11-20T11:03:51.341594-05:00,2022-11-20T10:55:26.341594-05:00,2022-11-20T11:02:28-05:00,2022-11-20T11:04:32-05:00,2022-11-20T11:01:00-05:00
MRAZZA,2022-11-20T10:56:08.940963-05:00,HOB,33rd Street via Hoboken,2022-11-20T11:03:50-05:00,2022-11-20T10:56:05-05:00,2022-11-20T11:02:28-05:00,2022-11-20T11:04:32-05:00,2022-11-20T11:01:00-05:00
OFFICIAL,2022-11-20T10:56:09.033830-05:00,HOB,33rd Street via Hoboken,2022-11-20T11:03:51.341594-05:00,2022-11-20T10:55:26.341594-05:00,2022-11-20T11:02:28-05:00,2022-11-20T11:04:32-05:00,2022-11-20T11:01:00-05:00
MRAZZA,2022-11-20T10:56:14.207871-05:00,HOB,33rd Street via Hoboken,2022-11-20T11:03:50-05:00,2022-11-20T10:56:10-05:00,2022-11-20T11:02:28-05:00,2022-11-20T11:04:32-05:00,2022-11-20T11:01:00-05:00
OFFICIAL,2022-11-20T10:56:14.445564-05:00,HOB,33rd Street via Hoboken,2022-11-20T11:03:51.341594-05:00,2022-11-20T10:55:26.341594-05:00,2022-11-20T11:02:28-05:00,2022-11-20T11:04:32-05:00,2022-11-20T11:01:00-05:00
MRAZZA,2022-11-20T10:56:21.101425-05:00,HOB,33rd Street via Hoboken,2022-11-20T11:03:50-05:00,2022-11-20T10:56:15-05:00,2022-11-20T11:02:28-05:00,2022-11-20T11:04:32-05:00,2022-11-20T11:01:00-05:00
OFFICIAL,2022-11-20T10:56:21.277255-05:00,HOB,33rd Street via Hoboken,2022-11-20T11:03:51.341594-05:00,2022-11-20T10:55:26.341594-05:00,2022-11-20T11:02:28-05:00,2022-11-20T11:04:32-05:00,2022-11-20T11:01:00-05:00
MRAZZA,2022-11-20T10:56:27.953109-05:00,HOB,33rd Street via Hoboken,2022-11-20T11:03:50-05:00,2022-11-20T10:56:25-05:00,2022-11-20T11:02:28-05:00,2022-11-20T11:04:32-05:00,2022-11-20T11:01:00-05:00
OFFICIAL,2022-11-20T10:56:28.090383-05:00,HOB,33rd Street via Hoboken,2022-11-20T11:03:51.341594-05:00,2022-11-20T10:55:26.341594-05:00,2022-11-20T11:02:28-05:00,2022-11-20T11:04:32-05:00,2022-11-20T11:01:00-05:00
MRAZZA,2022-11-20T10:56:33.234236-05:00,HOB,33rd Street via Hoboken,2022-11-20T11:03:50-05:00,2022-11-20T10:56:25-05:00,2022-11-20T11:02:28-05:00,2022-11-20T11:04:32-05:00,2022-11-20T11:01:00-05:00
OFFICIAL,2022-11-20T10:56:33.342738-05:00,HOB,33rd Street via Hoboken,2022-11-20T11:03:51.341594-05:00,2022-11-20T10:55:26.341594-05:00,2022-11-20T11:02:28-05:00,2022-11-20T11:04:32-05:00,2022-11-20T11:01:00-05:00
MRAZZA,2022-11-20T10:56:38.489517-05:00,HOB,33rd Street via Hoboken,2022-11-20T11:03:51-05:00,2022-11-20T10:56:35-05:00,2022-11-20T11:02:28-05:00,2022-11-20T11:04:32-05:00,2022-11-20T11:01:00-05:00
OFFICIAL,2022-11-20T10:56:38.600034-05:00,HOB,33rd Street via Hoboken,2022-11-20T11:03:51.341594-05:00,2022-11-20T10:55:26.341594-05:00,2022-11-20T11:02:28-05:00,2022-11-20T11:04:32-05:00,2022-11-20T11:01:00-05:00
MRAZZA,2022-11-20T10:56:46.245023-05:00,HOB,33rd Street via Hoboken,2022-11-20T11:04:05-05:00,2022-11-20T10:56:45-05:00,2022-11-20T11:02:28-05:00,2022-11-20T11:04:32-05:00,2022-11-20T11:01:00-05:00
OFFICIAL,2022-11-20T10:56:46.386476-05:00,HOB,33rd Street via Hoboken,2022-11-20T11:03:51.438415-05:00,2022-11-20T10:55:11.438415-05:00,2022-11-20T11:02:28-05:00,2022-11-20T11:04:32-05:00,2022-11-20T11:01:00-05:00
MRAZZA,2022-11-20T10:56:51.563765-05:00,HOB,33rd Street via Hoboken,2022-11-20T11:04:05-05:00,2022-11-20T10:56:50-05:00,2022-11-20T11:02:28-05:00,2022-11-20T11:04:32-05:00,2022-11-20T11:01:00-05:00
OFFICIAL,2022-11-20T10:56:51.648169-05:00,HOB,33rd Street via Hoboken,2022-11-20T11:03:51.438415-05:00,2022-11-20T10:55:11.438415-05:00,2022-11-20T11:02:28-05:00,2022-11-20T11:04:32-05:00,2022-11-20T11:01:00-05:00
MRAZZA,2022-11-20T10:56:57.324846-05:00,HOB,33rd Street via Hoboken,2022-11-20T11:04:05-05:00,2022-11-20T10:56:55-05:00,2022-11-20T11:02:28-05:00,2022-11-20T11:04:32-05:00,2022-11-20T11:01:00-05:00
OFFICIAL,2022-11-20T10:56:57.478864-05:00,HOB,33rd Street via Hoboken,2022-11-20T11:03:51.438415-05:00,2022-11-20T10:55:11.438415-05:00,2022-11-20T11:02:28-05:00,2022-11-20T11:04:32-05:00,2022-11-20T11:01:00-05:00
MRAZZA,2022-11-20T10:57:03.156193-05:00,HOB,33rd Street via Hoboken,2022-11-20T11:04:03-05:00,2022-11-20T10:57:00-05:00,2022-11-20T11:02:28-05:00,2022-11-20T11:04:32-05:00,2022-11-20T11:01:00-05:00
OFFICIAL,2022-11-20T10:57:03.345369-05:00,HOB,33rd Street via Hoboken,2022-11-20T11:03:51.438415-05:00,2022-11-20T10:55:11.438415-05:00,2022-11-20T11:02:28-05:00,2022-11-20T11:04:32-05:00,2022-11-20T11:01:00-05:00
MRAZZA,2022-11-20T10:57:10.104592-05:00,HOB,33rd Street via Hoboken,2022-11-20T11:04:03-05:00,2022-11-20T10:57:00-05:00,2022-11-20T11:02:28-05:00,2022-11-20T11:04:32-05:00,2022-11-20T11:01:00-05:00
OFFICIAL,2022-11-20T10:57:12.043083-05:00,HOB,33rd Street via Hoboken,2022-11-20T11:03:51.438415-05:00,2022-11-20T10:55:11.438415-05:00,2022-11-20T11:02:28-05:00,2022-11-20T11:04:32-05:00,2022-11-20T11:01:00-05:00
MRAZZA,2022-11-20T10:57:17.718835-05:00,HOB,33rd Street via Hoboken,2022-11-20T11:04:03-05:00,2022-11-20T10:57:15-05:00,2022-11-20T11:02:28-05:00,2022-11-20T11:04:32-05:00,2022-11-20T11:01:00-05:00
OFFICIAL,2022-11-20T10:57:18.001836-05:00,HOB,33rd Street via Hoboken,2022-11-20T11:03:51.438415-05:00,2022-11-20T10:55:11.438415-05:00,2022-11-20T11:02:28-05:00,2022-11-20T11:04:32-05:00,2022-11-20T11:01:00-05:00
MRAZZA,2022-11-20T10:57:23.167501-05:00,HOB,33rd Street via Hoboken,2022-11-20T11:04:03-05:00,2022-11-20T10:57:20-05:00,2022-11-20T11:02:28-05:00,2022-11-20T11:04:32-05:00,2022-11-20T11:01:00-05:00
OFFICIAL,2022-11-20T10:57:23.271045-05:00,HOB,33rd Street via Hoboken,2022-11-20T11:03:51.438415-05:00,2022-11-20T10:55:11.438415-05:00,2022-11-20T11:02:28-05:00,2022-11-20T11:04:32-05:00,2022-11-20T11:01:00-05:00
MRAZZA,2022-11-20T10:57:29.957972-05:00,HOB,33rd Street via Hoboken,2022-11-20T11:04:03-05:00,2022-11-20T10:57:25-05:00,2022-11-20T11:02:28-05:00,2022-11-20T11:04:32-05:00,2022-11-20T11:01:00-05:00
OFFICIAL,2022-11-20T10:57:30.082866-05:00,HOB,33rd Street via Hoboken,2022-11-20T11:03:51.373910-05:00,2022-11-20T10:55:56.373910-05:00,2022-11-20T11:02:28-05:00,2022-11-20T11:04:32-05:00,2022-11-20T11:01:00-05:00
MRAZZA,2022-11-20T10:57:35.755949-05:00,HOB,33rd Street via Hoboken,2022-11-20T11:04:03-05:00,2022-11-20T10:57:35-05:00,2022-11-20T11:02:28-05:00,2022-11-20T11:04:32-05:00,2022-11-20T11:01:00-05:00
OFFICIAL,2022-11-20T10:57:35.942288-05:00,HOB,33rd Street via Hoboken,2022-11-20T11:03:51.373910-05:00,2022-11-20T10:55:56.373910-05:00,2022-11-20T11:02:28-05:00,2022-11-20T11:04:32-05:00,2022-11-20T11:01:00-05:00
MRAZZA,2022-11-20T10:57:41.100960-05:00,HOB,33rd Street via Hoboken,2022-11-20T11:04:03-05:00,2022-11-20T10:57:40-05:00,2022-11-20T11:02:28-05:00,2022-11-20T11:04:32-05:00,2022-11-20T11:01:00-05:00
OFFICIAL,2022-11-20T10:57:41.200951-05:00,HOB,33rd Street via Hoboken,2022-11-20T11:03:51.373910-05:00,2022-11-20T10:55:56.373910-05:00,2022-11-20T11:02:28-05:00,2022-11-20T11:04:32-05:00,2022-11-20T11:01:00-05:00
MRAZZA,2022-11-20T10:57:47.377089-05:00,HOB,33rd Street via Hoboken,2022-11-20T11:04:03-05:00,2022-11-20T10:57:45-05:00,2022-11-20T11:02:28-05:00,2022-11-20T11:04:32-05:00,2022-11-20T11:01:00-05:00
OFFICIAL,2022-11-20T10:57:47.522443-05:00,HOB,33rd Street via Hoboken,2022-11-20T11:03:50.495095-05:00,2022-11-20T10:55:51.495095-05:00,2022-11-20T11:02:28-05:00,2022-11-20T11:04:32-05:00,2022-11-20T11:01:00-05:00
MRAZZA,2022-11-20T10:57:54.714044-05:00,HOB,33rd Street via Hoboken,2022-11-20T11:04:03-05:00,2022-11-20T10:57:50-05:00,2022-11-20T11:02:28-05:00,2022-11-20T11:04:32-05:00,2022-11-20T11:01:00-05:00
OFFICIAL,2022-11-20T10:57:54.881574-05:00,HOB,33rd Street via Hoboken,2022-11-20T11:03:50.495095-05:00,2022-11-20T10:55:51.495095-05:00,2022-11-20T11:02:28-05:00,2022-11-20T11:04:32-05:00,2022-11-20T11:01:00-05:00
MRAZZA,2022-11-20T10:58:01.089444-05:00,HOB,33rd Street via Hoboken,2022-11-20T11:04:03-05:00,2022-11-20T10:58:00-05:00,2022-11-20T11:02:28-05:00,2022-11-20T11:04:32-05:00,2022-11-20T11:01:00-05:00
OFFICIAL,2022-11-20T10:58:03.602116-05:00,HOB,33rd Street via Hoboken,2022-11-20T11:03:50.495095-05:00,2022-11-20T10:55:51.495095-05:00,2022-11-20T11:02:28-05:00,2022-11-20T11:04:32-05:00,2022-11-20T11:01:00-05:00
MRAZZA,2022-11-20T10:58:08.748113-05:00,HOB,33rd Street via Hoboken,2022-11-20T11:04:03-05:00,2022-11-20T10:58:05-05:00,2022-11-20T11:02:28-05:00,2022-11-20T11:04:32-05:00,2022-11-20T11:01:00-05:00
OFFICIAL,2022-11-20T10:58:08.852790-05:00,HOB,33rd Street via Hoboken,2022-11-20T11:03:50.495095-05:00,2022-11-20T10:55:51.495095-05:00,2022-11-20T11:02:28-05:00,2022-11-20T11:04:32-05:00,2022-11-20T11:01:00-05:00
MRAZZA,2022-11-20T10:58:18.039221-05:00,HOB,33rd Street via Hoboken,2022-11-20T11:04:03-05:00,2022-11-20T10:58:15-05:00,2022-11-20T11:02:28-05:00,2022-11-20T11:04:32-05:00,2022-11-20T11:01:00-05:00
OFFICIAL,2022-11-20T10:58:18.162576-05:00,HOB,33rd Street via Hoboken,2022-11-20T11:03:50.495095-05:00,2022-11-20T10:55:51.495095-05:00,2022-11-20T11:02:28-05:00,2022-11-20T11:04:32-05:00,2022-11-20T11:01:00-05:00
MRAZZA,2022-11-20T10:58:23.350781-05:00,HOB,33rd Street via Hoboken,2022-11-20T11:04:03-05:00,2022-11-20T10:58:20-05:00,2022-11-20T11:02:28-05:00,2022-11-20T11:04:32-05:00,2022-11-20T11:01:00-05:00
OFFICIAL,2022-11-20T10:58:23.635768-05:00,HOB,33rd Street via Hoboken,2022-11-20T11:04:06.414063-05:00,2022-11-20T10:56:47.414063-05:00,2022-11-20T11:02:28-05:00,2022-11-20T11:04:32-05:00,2022-11-20T11:01:00-05:00
MRAZZA,2022-11-20T10:58:30.856092-05:00,HOB,33rd Street via Hoboken,2022-11-20T11:04:03-05:00,2022-11-20T10:58:30-05:00,2022-11-20T11:02:28-05:00,2022-11-20T11:04:32-05:00,2022-11-20T11:01:00-05:00
OFFICIAL,2022-11-20T10:58:31.003404-05:00,HOB,33rd Street via Hoboken,2022-11-20T11:04:06.414063-05:00,2022-11-20T10:56:47.414063-05:00,2022-11-20T11:02:28-05:00,2022-11-20T11:04:32-05:00,2022-11-20T11:01:00-05:00
MRAZZA,2022-11-20T10:58:38.680490-05:00,HOB,33rd Street via Hoboken,2022-11-20T11:04:03-05:00,2022-11-20T10:58:35-05:00,2022-11-20T11:02:28-05:00,2022-11-20T11:04:32-05:00,2022-11-20T11:01:00-05:00
OFFICIAL,2022-11-20T10:58:38.849612-05:00,HOB,33rd Street via Hoboken,2022-11-20T11:04:03.450043-05:00,2022-11-20T10:57:56.450043-05:00,2022-11-20T11:02:28-05:00,2022-11-20T11:04:32-05:00,2022-11-20T11:01:00-05:00
MRAZZA,2022-11-20T10:58:47.518700-05:00,HOB,33rd Street via Hoboken,2022-11-20T11:04:03-05:00,2022-11-20T10:58:45-05:00,2022-11-20T11:02:28-05:00,2022-11-20T11:04:32-05:00,2022-11-20T11:01:00-05:00
OFFICIAL,2022-11-20T10:58:47.710748-05:00,HOB,33rd Street via Hoboken,2022-11-20T11:04:03.450043-05:00,2022-11-20T10:57:56.450043-05:00,2022-11-20T11:02:28-05:00,2022-11-20T11:04:32-05:00,2022-11-20T11:01:00-05:00
MRAZZA,2022-11-20T10:58:52.869076-05:00,HOB,33rd Street via Hoboken,2022-11-20T11:04:03-05:00,2022-11-20T10:58:50-05:00,2022-11-20T11:02:28-05:00,2022-11-20T11:04:32-05:00,2022-11-20T11:01:00-05:00
OFFICIAL,2022-11-20T10:58:52.977647-05:00,HOB,33rd Street via Hoboken,2022-11-20T11:04:03.450043-05:00,2022-11-20T10:57:56.450043-05:00,2022-11-20T11:02:28-05:00,2022-11-20T11:04:32-05:00,2022-11-20T11:01:00-05:00
MRAZZA,2022-11-20T10:58:58.639453-05:00,HOB,33rd Street via Hoboken,2022-11-20T11:04:03-05:00,2022-11-20T10:58:55-05:00,2022-11-20T11:02:28-05:00,2022-11-20T11:04:32-05:00,2022-11-20T11:01:00-05:00
OFFICIAL,2022-11-20T10:58:58.783552-05:00,HOB,33rd Street via Hoboken,2022-11-20T11:04:03.447747-05:00,2022-11-20T10:57:11.447747-05:00,2022-11-20T11:02:28-05:00,2022-11-20T11:04:32-05:00,2022-11-20T11:01:00-05:00
MRAZZA,2022-11-20T10:59:06.963329-05:00,HOB,33rd Street via Hoboken,2022-11-20T11:04:03-05:00,2022-11-20T10:59:05-05:00,2022-11-20T11:02:28-05:00,2022-11-20T11:04:32-05:00,2022-11-20T11:01:00-05:00
OFFICIAL,2022-11-20T10:59:07.118096-05:00,HOB,33rd Street via Hoboken,2022-11-20T11:04:03.447747-05:00,2022-11-20T10:57:11.447747-05:00,2022-11-20T11:02:28-05:00,2022-11-20T11:04:32-05:00,2022-11-20T11:01:00-05:00
MRAZZA,2022-11-20T10:59:12.291621-05:00,HOB,33rd Street via Hoboken,2022-11-20T11:04:13-05:00,2022-11-20T10:59:10-05:00,2022-11-20T11:02:28-05:00,2022-11-20T11:04:32-05:00,2022-11-20T11:01:00-05:00
OFFICIAL,2022-11-20T10:59:12.416579-05:00,HOB,33rd Street via Hoboken,2022-11-20T11:04:03.606753-05:00,2022-11-20T10:58:06.606753-05:00,2022-11-20T11:02:28-05:00,2022-11-20T11:04:32-05:00,2022-11-20T11:01:00-05:00
MRAZZA,2022-11-20T10:59:17.571248-05:00,HOB,33rd Street via Hoboken,2022-11-20T11:04:13-05:00,2022-11-20T10:59:15-05:00,2022-11-20T11:02:28-05:00,2022-11-20T11:04:32-05:00,2022-11-20T11:01:00-05:00
OFFICIAL,2022-11-20T10:59:17.772478-05:00,HOB,33rd Street via Hoboken,2022-11-20T11:04:03.606753-05:00,2022-11-20T10:58:06.606753-05:00,2022-11-20T11:02:28-05:00,2022-11-20T11:04:32-05:00,2022-11-20T11:01:00-05:00
MRAZZA,2022-11-20T10:59:24.485758-05:00,HOB,33rd Street via Hoboken,2022-11-20T11:04:24-05:00,2022-11-20T10:59:20-05:00,2022-11-20T11:02:28-05:00,2022-11-20T11:04:32-05:00,2022-11-20T11:01:00-05:00
OFFICIAL,2022-11-20T10:59:24.643309-05:00,HOB,33rd Street via Hoboken,2022-11-20T11:04:03.606753-05:00,2022-11-20T10:58:06.606753-05:00,2022-11-20T11:02:28-05:00,2022-11-20T11:04:32-05:00,2022-11-20T11:01:00-05:00
MRAZZA,2022-11-20T10:59:30.823919-05:00,HOB,33rd Street via Hoboken,2022-11-20T11:04:29-05:00,2022-11-20T10:59:30-05:00,2022-11-20T11:02:28-05:00,2022-11-20T11:04:32-05:00,2022-11-20T11:01:00-05:00
OFFICIAL,2022-11-20T10:59:30.933994-05:00,HOB,33rd Street via Hoboken,2022-11-20T11:04:01.824822-05:00,2022-11-20T10:56:40.824822-05:00,2022-11-20T11:02:28-05:00,2022-11-20T11:04:32-05:00,2022-11-20T11:01:00-05:00
MRAZZA,2022-11-20T10:59:36.622602-05:00,HOB,33rd Street via Hoboken,2022-11-20T11:04:29-05:00,2022-11-20T10:59:35-05:00,2022-11-20T11:02:28-05:00,2022-11-20T11:04:32-05:00,2022-11-20T11:01:00-05:00
OFFICIAL,2022-11-20T10:59:36.766604-05:00,HOB,33rd Street via Hoboken,2022-11-20T11:04:01.824822-05:00,2022-11-20T10:56:40.824822-05:00,2022-11-20T11:02:28-05:00,2022-11-20T11:04:32-05:00,2022-11-20T11:01:00-05:00
MRAZZA,2022-11-20T10:59:41.959304-05:00,HOB,33rd Street via Hoboken,2022-11-20T11:04:29-05:00,2022-11-20T10:59:40-05:00,2022-11-20T11:02:28-05:00,2022-11-20T11:04:32-05:00,2022-11-20T11:01:00-05:00
OFFICIAL,2022-11-20T10:59:42.065789-05:00,HOB,33rd Street via Hoboken,2022-11-20T11:04:01.824822-05:00,2022-11-20T10:56:40.824822-05:00,2022-11-20T11:02:28-05:00,2022-11-20T11:04:32-05:00,2022-11-20T11:01:00-05:00
MRAZZA,2022-11-20T10:59:48.727192-05:00,HOB,33rd Street via Hoboken,2022-11-20T11:04:29-05:00,2022-11-20T10:59:45-05:00,2022-11-20T11:02:28-05:00,2022-11-20T11:04:32-05:00,2022-11-20T11:01:00-05:00
OFFICIAL,2022-11-20T10:59:48.858942-05:00,HOB,33rd Street via Hoboken,2022-11-20T11:04:03.528203-05:00,2022-11-20T10:59:01.528203-05:00,2022-11-20T11:02:28-05:00,2022-11-20T11:04:32-05:00,2022-11-20T11:01:00-05:00
MRAZZA,2022-11-20T10:59:55.110866-05:00,HOB,33rd Street via Hoboken,2022-11-20T11:04:29-05:00,2022-11-20T10:59:50-05:00,2022-11-20T11:02:28-05:00,2022-11-20T11:04:32-05:00,2022-11-20T11:01:00-05:00
OFFICIAL,2022-11-20T10:59:55.200398-05:00,HOB,33rd Street via Hoboken,2022-11-20T11:04:03.528203-05:00,2022-11-20T10:59:01.528203-05:00,2022-11-20T11:02:28-05:00,2022-11-20T11:04:32-05:00,2022-11-20T11:01:00-05:00
MRAZZA,2022-11-20T11:00:00.848054-05:00,HOB,33rd Street via Hoboken,2022-11-20T11:04:29-05:00,2022-11-20T11:00:00-05:00,2022-11-20T11:02:28-05:00,2022-11-20T11:04:32-05:00,2022-11-20T11:01:00-05:00
OFFICIAL,2022-11-20T11:00:01.016162-05:00,HOB,33rd Street via Hoboken,2022-11-20T11:04:03.528203-05:00,2022-11-20T10:59:01.528203-05:00,2022-11-20T11:02:28-05:00,2022-11-20T11:04:32-05:00,2022-11-20T11:01:00-05:00
MRAZZA,2022-11-20T11:00:06.165953-05:00,HOB,33rd Street via Hoboken,2022-11-20T11:04:29-05:00,2022-11-20T11:00:05-05:00,2022-11-20T11:02:28-05:00,2022-11-20T11:04:32-05:00,2022-11-20T11:01:00-05:00
OFFICIAL,2022-11-20T11:00:06.272846-05:00,HOB,33rd Street via Hoboken,2022-11-20T11:04:03.470865-05:00,2022-11-20T10:58:11.470865-05:00,2022-11-20T11:02:28-05:00,2022-11-20T11:04:32-05:00,2022-11-20T11:01:00-05:00
MRAZZA,2022-11-20T11:00:12.971535-05:00,HOB,33rd Street via Hoboken,2022-11-20T11:04:29-05:00,2022-11-20T11:00:10-05:00,2022-11-20T11:02:28-05:00,2022-11-20T11:04:32-05:00,2022-11-20T11:01:00-05:00
OFFICIAL,2022-11-20T11:00:13.153722-05:00,HOB,33rd Street via Hoboken,2022-11-20T11:04:03.470865-05:00,2022-11-20T10:58:11.470865-05:00,2022-11-20T11:02:28-05:00,2022-11-20T11:04:32-05:00,2022-11-20T11:01:00-05:00
MRAZZA,2022-11-20T11:00:19.369468-05:00,HOB,33rd Street via Hoboken,2022-11-20T11:04:29-05:00,2022-11-20T11:00:15-05:00,2022-11-20T11:02:28-05:00,2022-11-20T11:04:32-05:00,2022-11-20T11:01:00-05:00
OFFICIAL,2022-11-20T11:00:21.296120-05:00,HOB,33rd Street via Hoboken,2022-11-20T11:04:03.603872-05:00,2022-11-20T10:58:21.603872-05:00,2022-11-20T11:02:28-05:00,2022-11-20T11:04:32-05:00,2022-11-20T11:01:00-05:00
MRAZZA,2022-11-20T11:00:26.456352-05:00,HOB,33rd Street via Hoboken,2022-11-20T11:04:29-05:00,2022-11-20T11:00:25-05:00,2022-11-20T11:02:28-05:00,2022-11-20T11:04:32-05:00,2022-11-20T11:01:00-05:00
OFFICIAL,2022-11-20T11:00:26.594569-05:00,HOB,33rd Street via Hoboken,2022-11-20T11:04:03.603872-05:00,2022-11-20T10:58:21.603872-05:00,2022-11-20T11:02:28-05:00,2022-11-20T11:04:32-05:00,2022-11-20T11:01:00-05:00
MRAZZA,2022-11-20T11:00:31.754754-05:00,HOB,33rd Street via Hoboken,2022-11-20T11:04:29-05:00,2022-11-20T11:00:30-05:00,2022-11-20T11:02:28-05:00,2022-11-20T11:04:32-05:00,2022-11-20T11:01:00-05:00
OFFICIAL,2022-11-20T11:00:32.089481-05:00,HOB,33rd Street via Hoboken,2022-11-20T11:04:03.603872-05:00,2022-11-20T10:58:21.603872-05:00,2022-11-20T11:02:28-05:00,2022-11-20T11:04:32-05:00,2022-11-20T11:01:00-05:00
MRAZZA,2022-11-20T11:00:39.309555-05:00,HOB,33rd Street via Hoboken,2022-11-20T11:04:29-05:00,2022-11-20T11:00:35-05:00,2022-11-20T11:02:28-05:00,2022-11-20T11:04:32-05:00,2022-11-20T11:01:00-05:00
OFFICIAL,2022-11-20T11:00:39.468870-05:00,HOB,33rd Street via Hoboken,2022-11-20T11:04:03.603872-05:00,2022-11-20T10:58:21.603872-05:00,2022-11-20T11:02:28-05:00,2022-11-20T11:04:32-05:00,2022-11-20T11:01:00-05:00
MRAZZA,2022-11-20T11:00:46.141696-05:00,HOB,33rd Street via Hoboken,2022-11-20T11:04:29-05:00,2022-11-20T11:00:45-05:00,2022-11-20T11:02:28-05:00,2022-11-20T11:04:32-05:00,2022-11-20T11:01:00-05:00
OFFICIAL,2022-11-20T11:00:46.365045-05:00,HOB,33rd Street via Hoboken,2022-11-20T11:04:03.447925-05:00,2022-11-20T10:58:26.447925-05:00,2022-11-20T11:02:28-05:00,2022-11-20T11:04:32-05:00,2022-11-20T11:01:00-05:00
MRAZZA,2022-11-20T11:00:52.534596-05:00,HOB,33rd Street via Hoboken,2022-11-20T11:04:29-05:00,2022-11-20T11:00:50-05:00,2022-11-20T11:02:28-05:00,2022-11-20T11:04:32-05:00,2022-11-20T11:01:00-05:00
OFFICIAL,2022-11-20T11:00:52.700410-05:00,HOB,33rd Street via Hoboken,2022-11-20T11:04:03.447925-05:00,2022-11-20T10:58:26.447925-05:00,2022-11-20T11:02:28-05:00,2022-11-20T11:04:32-05:00,2022-11-20T11:01:00-05:00
MRAZZA,2022-11-20T11:00:58.378561-05:00,HOB,33rd Street via Hoboken,2022-11-20T11:04:29-05:00,2022-11-20T11:00:55-05:00,2022-11-20T11:02:28-05:00,2022-11-20T11:04:32-05:00,2022-11-20T11:01:00-05:00
OFFICIAL,2022-11-20T11:00:58.524088-05:00,HOB,33rd Street via Hoboken,2022-11-20T11:04:29.654003-05:00,2022-11-20T11:00:06.654003-05:00,2022-11-20T11:02:28-05:00,2022-11-20T11:04:32-05:00,2022-11-20T11:01:00-05:00
MRAZZA,2022-11-20T11:01:04.668477-05:00,HOB,33rd Street via Hoboken,2022-11-20T11:04:39-05:00,2022-11-20T11:01:00-05:00,2022-11-20T11:02:28-05:00,2022-11-20T11:04:32-05:00,2022-11-20T11:01:00-05:00
OFFICIAL,2022-11-20T11:01:04.788757-05:00,HOB,33rd Street via Hoboken,2022-11-20T11:04:29.654003-05:00,2022-11-20T11:00:06.654003-05:00,2022-11-20T11:02:28-05:00,2022-11-20T11:04:32-05:00,2022-11-20T11:01:00-05:00
MRAZZA,2022-11-20T11:01:09.933170-05:00,HOB,33rd Street via Hoboken,2022-11-20T11:04:39-05:00,2022-11-20T11:01:05-05:00,2022-11-20T11:02:28-05:00,2022-11-20T11:04:32-05:00,2022-11-20T11:01:00-05:00
OFFICIAL,2022-11-20T11:01:10.118154-05:00,HOB,33rd Street via Hoboken,2022-11-20T11:04:29.654003-05:00,2022-11-20T11:00:06.654003-05:00,2022-11-20T11:02:28-05:00,2022-11-20T11:04:32-05:00,2022-11-20T11:01:00-05:00
MRAZZA,2022-11-20T11:01:15.435135-05:00,HOB,33rd Street via Hoboken,2022-11-20T11:04:44-05:00,2022-11-20T11:01:10-05:00,2022-11-20T11:02:28-05:00,2022-11-20T11:04:32-05:00,2022-11-20T11:01:00-05:00
OFFICIAL,2022-11-20T11:01:15.604819-05:00,HOB,33rd Street via Hoboken,2022-11-20T11:04:29.690754-05:00,2022-11-20T11:00:36.690754-05:00,2022-11-20T11:02:28-05:00,2022-11-20T11:04:32-05:00,2022-11-20T11:01:00-05:00
MRAZZA,2022-11-20T11:01:23.780254-05:00,HOB,33rd Street via Hoboken,2022-11-20T11:04:44-05:00,2022-11-20T11:01:20-05:00,2022-11-20T11:02:28-05:00,2022-11-20T11:04:32-05:00,2022-11-20T11:01:00-05:00
OFFICIAL,2022-11-20T11:01:23.928821-05:00,HOB,33rd Street via Hoboken,2022-11-20T11:04:29.690754-05:00,2022-11-20T11:00:36.690754-05:00,2022-11-20T11:02:28-05:00,2022-11-20T11:04:32-05:00,2022-11-20T11:01:00-05:00
MRAZZA,2022-11-20T11:01:29.070665-05:00,HOB,33rd Street via Hoboken,2022-11-20T11:04:44-05:00,2022-11-20T11:01:25-05:00,2022-11-20T11:02:28-05:00,2022-11-20T11:04:32-05:00,2022-11-20T11:01:00-05:00
OFFICIAL,2022-11-20T11:01:29.174260-05:00,HOB,33rd Street via Hoboken,2022-11-20T11:04:29.690754-05:00,2022-11-20T11:00:36.690754-05:00,2022-11-20T11:02:28-05:00,2022-11-20T11:04:32-05:00,2022-11-20T11:01:00-05:00
MRAZZA,2022-11-20T11:01:35.405572-05:00,HOB,33rd Street via Hoboken,2022-11-20T11:04:44-05:00,2022-11-20T11:01:30-05:00,2022-11-20T11:02:28-05:00,2022-11-20T11:04:32-05:00,2022-11-20T11:01:00-05:00
OFFICIAL,2022-11-20T11:01:35.622177-05:00,HOB,33rd Street via Hoboken,2022-11-20T11:04:29.558637-05:00,2022-11-20T11:00:11.558637-05:00,2022-11-20T11:02:28-05:00,2022-11-20T11:04:32-05:00,2022-11-20T11:01:00-05:00
MRAZZA,2022-11-20T11:01:40.771502-05:00,HOB,33rd Street via Hoboken,2022-11-20T11:04:44-05:00,2022-11-20T11:01:40-05:00,2022-11-20T11:02:28-05:00,2022-11-20T11:04:32-05:00,2022-11-20T11:01:00-05:00
OFFICIAL,2022-11-20T11:01:40.942290-05:00,HOB,33rd Street via Hoboken,2022-11-20T11:04:29.558637-05:00,2022-11-20T11:00:11.558637-05:00,2022-11-20T11:02:28-05:00,2022-11-20T11:04:32-05:00,2022-11-20T11:01:00-05:00
MRAZZA,2022-11-20T11:01:47.646466-05:00,HOB,33rd Street via Hoboken,2022-11-20T11:04:44-05:00,2022-11-20T11:01:45-05:00,2022-11-20T11:02:28-05:00,2022-11-20T11:04:32-05:00,2022-11-20T11:01:00-05:00
OFFICIAL,2022-11-20T11:01:47.850866-05:00,HOB,33rd Street via Hoboken,2022-11-20T11:04:29.558637-05:00,2022-11-20T11:00:11.558637-05:00,2022-11-20T11:02:28-05:00,2022-11-20T11:04:32-05:00,2022-11-20T11:01:00-05:00
MRAZZA,2022-11-20T11:01:53.496098-05:00,HOB,33rd Street via Hoboken,2022-11-20T11:04:44-05:00,2022-11-20T11:01:50-05:00,2022-11-20T11:02:28-05:00,2022-11-20T11:04:32-05:00,2022-11-20T11:01:00-05:00
OFFICIAL,2022-11-20T11:01:53.627604-05:00,HOB,33rd Street via Hoboken,2022-11-20T11:04:29.558637-05:00,2022-11-20T11:00:11.558637-05:00,2022-11-20T11:02:28-05:00,2022-11-20T11:04:32-05:00,2022-11-20T11:01:00-05:00
MRAZZA,2022-11-20T11:02:00.448927-05:00,HOB,33rd Street via Hoboken,2022-11-20T11:04:44-05:00,2022-11-20T11:01:55-05:00,2022-11-20T11:02:28-05:00,2022-11-20T11:04:32-05:00,2022-11-20T11:01:00-05:00
OFFICIAL,2022-11-20T11:02:00.596477-05:00,HOB,33rd Street via Hoboken,2022-11-20T11:04:29.558637-05:00,2022-11-20T11:00:11.558637-05:00,2022-11-20T11:02:28-05:00,2022-11-20T11:04:32-05:00,2022-11-20T11:01:00-05:00
MRAZZA,2022-11-20T11:02:05.774179-05:00,HOB,33rd Street via Hoboken,2022-11-20T11:04:44-05:00,2022-11-20T11:02:00-05:00,2022-11-20T11:02:28-05:00,2022-11-20T11:04:32-05:00,2022-11-20T11:01:00-05:00
OFFICIAL,2022-11-20T11:02:05.923222-05:00,HOB,33rd Street via Hoboken,2022-11-20T11:04:29.558637-05:00,2022-11-20T11:00:11.558637-05:00,2022-11-20T11:02:28-05:00,2022-11-20T11:04:32-05:00,2022-11-20T11:01:00-05:00
MRAZZA,2022-11-20T11:02:11.070112-05:00,HOB,33rd Street via Hoboken,2022-11-20T11:04:44-05:00,2022-11-20T11:02:10-05:00,2022-11-20T11:02:28-05:00,2022-11-20T11:04:32-05:00,2022-11-20T11:01:00-05:00
OFFICIAL,2022-11-20T11:02:11.183577-05:00,HOB,33rd Street via Hoboken,2022-11-20T11:04:44.596737-05:00,2022-11-20T11:01:11.596737-05:00,2022-11-20T11:02:28-05:00,2022-11-20T11:04:32-05:00,2022-11-20T11:01:00-05:00
MRAZZA,2022-11-20T11:02:16.846561-05:00,HOB,33rd Street via Hoboken,2022-11-20T11:04:44-05:00,2022-11-20T11:02:15-05:00,2022-11-20T11:02:28-05:00,2022-11-20T11:04:32-05:00,2022-11-20T11:01:00-05:00
OFFICIAL,2022-11-20T11:02:16.979941-05:00,HOB,33rd Street via Hoboken,2022-11-20T11:04:44.596737-05:00,2022-11-20T11:01:11.596737-05:00,2022-11-20T11:02:28-05:00,2022-11-20T11:04:32-05:00,2022-11-20T11:01:00-05:00
MRAZZA,2022-11-20T11:02:25.347966-05:00,HOB,33rd Street via Hoboken,2022-11-20T11:04:44-05:00,2022-11-20T11:02:20-05:00,2022-11-20T11:02:28-05:00,2022-11-20T11:04:32-05:00,2022-11-20T11:01:00-05:00
OFFICIAL,2022-11-20T11:02:25.450490-05:00,HOB,33rd Street via Hoboken,2022-11-20T11:04:44.581923-05:00,2022-11-20T11:01:16.581923-05:00,2022-11-20T11:02:28-05:00,2022-11-20T11:04:32-05:00,2022-11-20T11:01:00-05:00
MRAZZA,2022-11-20T11:02:30.604270-05:00,HOB,33rd Street via Hoboken,2022-11-20T11:04:44-05:00,2022-11-20T11:02:25-05:00,2022-11-20T11:02:28-05:00,2022-11-20T11:04:32-05:00,2022-11-20T11:01:00-05:00
OFFICIAL,2022-11-20T11:02:30.715575-05:00,HOB,33rd Street via Hoboken,2022-11-20T11:04:44.581923-05:00,2022-11-20T11:01:16.581923-05:00,2022-11-20T11:02:28-05:00,2022-11-20T11:04:32-05:00,2022-11-20T11:01:00-05:00
MRAZZA,2022-11-20T11:02:35.868553-05:00,HOB,33rd Street via Hoboken,2022-11-20T11:04:44-05:00,2022-11-20T11:02:35-05:00,2022-11-20T11:02:28-05:00,2022-11-20T11:04:32-05:00,2022-11-20T11:01:00-05:00
OFFICIAL,2022-11-20T11:02:35.986386-05:00,HOB,33rd Street via Hoboken,2022-11-20T11:04:44.581923-05:00,2022-11-20T11:01:16.581923-05:00,2022-11-20T11:02:28-05:00,2022-11-20T11:04:32-05:00,2022-11-20T11:01:00-05:00
MRAZZA,2022-11-20T11:02:42.176844-05:00,HOB,33rd Street via Hoboken,2022-11-20T11:04:44-05:00,2022-11-20T11:02:40-05:00,2022-11-20T11:02:28-05:00,2022-11-20T11:04:32-05:00,2022-11-20T11:01:00-05:00
OFFICIAL,2022-11-20T11:02:42.331833-05:00,HOB,33rd Street via Hoboken,2022-11-20T11:04:44.581923-05:00,2022-11-20T11:01:16.581923-05:00,2022-11-20T11:02:28-05:00,2022-11-20T11:04:32-05:00,2022-11-20T11:01:00-05:00
MRAZZA,2022-11-20T11:02:47.527413-05:00,HOB,33rd Street via Hoboken,2022-11-20T11:04:44-05:00,2022-11-20T11:02:45-05:00,2022-11-20T11:02:28-05:00,2022-11-20T11:04:32-05:00,2022-11-20T11:01:00-05:00
OFFICIAL,2022-11-20T11:02:47.638467-05:00,HOB,33rd Street via Hoboken,2022-11-20T11:04:44.572806-05:00,2022-11-20T11:01:31.572806-05:00,2022-11-20T11:02:28-05:00,2022-11-20T11:04:32-05:00,2022-11-20T11:01:00-05:00
MRAZZA,2022-11-20T11:02:54.805365-05:00,HOB,33rd Street via Hoboken,2022-11-20T11:04:44-05:00,2022-11-20T11:02:50-05:00,2022-11-20T11:02:28-05:00,2022-11-20T11:04:32-05:00,2022-11-20T11:01:00-05:00
OFFICIAL,2022-11-20T11:02:54.927609-05:00,HOB,33rd Street via Hoboken,2022-11-20T11:04:44.572806-05:00,2022-11-20T11:01:31.572806-05:00,2022-11-20T11:02:28-05:00,2022-11-20T11:04:32-05:00,2022-11-20T11:01:00-05:00
MRAZZA,2022-11-20T11:03:00.094163-05:00,HOB,33rd Street via Hoboken,2022-11-20T11:04:44-05:00,2022-11-20T11:02:55-05:00,2022-11-20T11:02:28-05:00,2022-11-20T11:04:32-05:00,2022-11-20T11:01:00-05:00
OFFICIAL,2022-11-20T11:03:00.260993-05:00,HOB,33rd Street via Hoboken,2022-11-20T11:04:44.572806-05:00,2022-11-20T11:01:31.572806-05:00,2022-11-20T11:02:28-05:00,2022-11-20T11:04:32-05:00,2022-11-20T11:01:00-05:00
MRAZZA,2022-11-20T11:03:05.904548-05:00,HOB,33rd Street via Hoboken,2022-11-20T11:04:44-05:00,2022-11-20T11:03:05-05:00,2022-11-20T11:02:28-05:00,2022-11-20T11:04:32-05:00,2022-11-20T11:01:00-05:00
OFFICIAL,2022-11-20T11:03:06.004587-05:00,HOB,33rd Street via Hoboken,2022-11-20T11:04:44.572806-05:00,2022-11-20T11:01:31.572806-05:00,2022-11-20T11:02:28-05:00,2022-11-20T11:04:32-05:00,2022-11-20T11:01:00-05:00
MRAZZA,2022-11-20T11:03:13.202090-05:00,HOB,33rd Street via Hoboken,2022-11-20T11:04:44-05:00,2022-11-20T11:03:10-05:00,2022-11-20T11:02:28-05:00,2022-11-20T11:04:32-05:00,2022-11-20T11:01:00-05:00
OFFICIAL,2022-11-20T11:03:13.480198-05:00,HOB,33rd Street via Hoboken,2022-11-20T11:04:44.572806-05:00,2022-11-20T11:01:31.572806-05:00,2022-11-20T11:02:28-05:00,2022-11-20T11:04:32-05:00,2022-11-20T11:01:00-05:00
MRAZZA,2022-11-20T11:03:18.637856-05:00,HOB,33rd Street via Hoboken,2022-11-20T11:04:44-05:00,2022-11-20T11:03:15-05:00,2022-11-20T11:02:28-05:00,2022-11-20T11:04:32-05:00,2022-11-20T11:01:00-05:00
OFFICIAL,2022-11-20T11:03:18.751234-05:00,HOB,33rd Street via Hoboken,2022-11-20T11:04:44.652395-05:00,2022-11-20T11:02:56.652395-05:00,2022-11-20T11:02:28-05:00,2022-11-20T11:04:32-05:00,2022-11-20T11:01:00-05:00
MRAZZA,2022-11-20T11:03:23.891816-05:00,HOB,33rd Street via Hoboken,2022-11-20T11:04:44-05:00,2022-11-20T11:03:20-05:00,2022-11-20T11:02:28-05:00,2022-11-20T11:04:32-05:00,2022-11-20T11:01:00-05:00
OFFICIAL,2022-11-20T11:03:24.013727-05:00,HOB,33rd Street via Hoboken,2022-11-20T11:04:44.652395-05:00,2022-11-20T11:02:56.652395-05:00,2022-11-20T11:02:28-05:00,2022-11-20T11:04:32-05:00,2022-11-20T11:01:00-05:00
MRAZZA,2022-11-20T11:03:29.658731-05:00,HOB,33rd Street via Hoboken,2022-11-20T11:04:44-05:00,2022-11-20T11:03:25-05:00,2022-11-20T11:02:28-05:00,2022-11-20T11:04:32-05:00,2022-11-20T11:01:00-05:00
OFFICIAL,2022-11-20T11:03:29.786928-05:00,HOB,33rd Street via Hoboken,2022-11-20T11:04:44.652395-05:00,2022-11-20T11:02:56.652395-05:00,2022-11-20T11:02:28-05:00,2022-11-20T11:04:32-05:00,2022-11-20T11:01:00-05:00
MRAZZA,2022-11-20T11:03:34.948490-05:00,HOB,33rd Street via Hoboken,2022-11-20T11:04:44-05:00,2022-11-20T11:03:30-05:00,2022-11-20T11:02:28-05:00,2022-11-20T11:04:32-05:00,2022-11-20T11:01:00-05:00
OFFICIAL,2022-11-20T11:03:35.109313-05:00,HOB,33rd Street via Hoboken,2022-11-20T11:04:44.652395-05:00,2022-11-20T11:02:56.652395-05:00,2022-11-20T11:02:28-05:00,2022-11-20T11:04:32-05:00,2022-11-20T11:01:00-05:00
MRAZZA,2022-11-20T11:03:42.777676-05:00,HOB,33rd Street via Hoboken,2022-11-20T11:04:44-05:00,2022-11-20T11:03:40-05:00,2022-11-20T11:02:28-05:00,2022-11-20T11:04:32-05:00,2022-11-20T11:01:00-05:00
OFFICIAL,2022-11-20T11:03:42.902878-05:00,HOB,33rd Street via Hoboken,2022-11-20T11:04:44.607424-05:00,2022-11-20T11:02:16.607424-05:00,2022-11-20T11:02:28-05:00,2022-11-20T11:04:32-05:00,2022-11-20T11:01:00-05:00
MRAZZA,2022-11-20T11:03:48.558132-05:00,HOB,33rd Street via Hoboken,2022-11-20T11:04:44-05:00,2022-11-20T11:03:45-05:00,2022-11-20T11:02:28-05:00,2022-11-20T11:04:32-05:00,2022-11-20T11:01:00-05:00
OFFICIAL,2022-11-20T11:03:48.681134-05:00,HOB,33rd Street via Hoboken,2022-11-20T11:04:44.607424-05:00,2022-11-20T11:02:16.607424-05:00,2022-11-20T11:02:28-05:00,2022-11-20T11:04:32-05:00,2022-11-20T11:01:00-05:00
MRAZZA,2022-11-20T11:03:53.830575-05:00,HOB,33rd Street via Hoboken,2022-11-20T11:04:44-05:00,2022-11-20T11:03:50-05:00,2022-11-20T11:02:28-05:00,2022-11-20T11:04:32-05:00,2022-11-20T11:01:00-05:00
OFFICIAL,2022-11-20T11:03:53.984719-05:00,HOB,33rd Street via Hoboken,2022-11-20T11:04:44.781153-05:00,2022-11-20T11:02:51.781153-05:00,2022-11-20T11:02:28-05:00,2022-11-20T11:04:32-05:00,2022-11-20T11:01:00-05:00
MRAZZA,2022-11-20T11:03:59.650804-05:00,HOB,33rd Street via Hoboken,2022-11-20T11:04:44-05:00,2022-11-20T11:03:55-05:00,2022-11-20T11:02:28-05:00,2022-11-20T11:04:32-05:00,2022-11-20T11:01:00-05:00
OFFICIAL,2022-11-20T11:03:59.777702-05:00,HOB,33rd Street via Hoboken,2022-11-20T11:04:44.781153-05:00,2022-11-20T11:02:51.781153-05:00,2022-11-20T11:02:28-05:00,2022-11-20T11:04:32-05:00,2022-11-20T11:01:00-05:00
MRAZZA,2022-11-20T11:04:05.933744-05:00,HOB,33rd Street via Hoboken,2022-11-20T11:04:44-05:00,2022-11-20T11:04:05-05:00,2022-11-20T11:02:28-05:00,2022-11-20T11:04:32-05:00,2022-11-20T11:01:00-05:00
OFFICIAL,2022-11-20T11:04:06.038001-05:00,HOB,33rd Street via Hoboken,2022-11-20T11:04:44.781153-05:00,2022-11-20T11:02:51.781153-05:00,2022-11-20T11:02:28-05:00,2022-11-20T11:04:32-05:00,2022-11-20T11:01:00-05:00
MRAZZA,2022-11-20T11:04:12.237668-05:00,HOB,33rd Street via Hoboken,2022-11-20T11:04:44-05:00,2022-11-20T11:04:10-05:00,2022-11-20T11:02:28-05:00,2022-11-20T11:04:32-05:00,2022-11-20T11:01:00-05:00
OFFICIAL,2022-11-20T11:04:12.369942-05:00,HOB,33rd Street via Hoboken,2022-11-20T11:04:44.604852-05:00,2022-11-20T11:02:41.604852-05:00,2022-11-20T11:02:28-05:00,2022-11-20T11:04:32-05:00,2022-11-20T11:01:00-05:00
MRAZZA,2022-11-20T11:04:18.038757-05:00,HOB,33rd Street via Hoboken,2022-11-20T11:04:45-05:00,2022-11-20T11:04:15-05:00,2022-11-20T11:02:28-05:00,2022-11-20T11:04:32-05:00,2022-11-20T11:01:00-05:00
OFFICIAL,2022-11-20T11:04:18.185661-05:00,HOB,33rd Street via Hoboken,2022-11-20T11:04:44.604852-05:00,2022-11-20T11:02:41.604852-05:00,2022-11-20T11:02:28-05:00,2022-11-20T11:04:32-05:00,2022-11-20T11:01:00-05:00
MRAZZA,2022-11-20T11:04:25.857883-05:00,HOB,33rd Street via Hoboken,2022-11-20T11:04:58-05:00,2022-11-20T11:04:25-05:00,2022-11-20T11:02:28-05:00,2022-11-20T11:04:32-05:00,2022-11-20T11:01:00-05:00
OFFICIAL,2022-11-20T11:04:25.969384-05:00,HOB,33rd Street via Hoboken,2022-11-20T11:04:44.730468-05:00,2022-11-20T11:04:11.730468-05:00,2022-11-20T11:02:28-05:00,2022-11-20T11:04:32-05:00,2022-11-20T11:01:00-05:00
MRAZZA,2022-11-20T11:04:31.099133-05:00,HOB,33rd Street via Hoboken,2022-11-20T11:05:02-05:00,2022-11-20T11:04:30-05:00,2022-11-20T11:02:28-05:00,2022-11-20T11:04:32-05:00,2022-11-20T11:01:00-05:00
OFFICIAL,2022-11-20T11:04:31.194734-05:00,HOB,33rd Street via Hoboken,2022-11-20T11:04:44.730468-05:00,2022-11-20T11:04:11.730468-05:00,2022-11-20T11:02:28-05:00,2022-11-20T11:04:32-05:00,2022-11-20T11:01:00-05:00
MRAZZA,2022-11-20T11:04:37.877420-05:00,HOB,33rd Street via Hoboken,2022-11-20T11:05:05-05:00,2022-11-20T11:04:35-05:00,2022-11-20T11:02:28-05:00,2022-11-20T11:04:32-05:00,2022-11-20T11:01:00-05:00
OFFICIAL,2022-11-20T11:04:38.056817-05:00,HOB,33rd Street via Hoboken,2022-11-20T11:04:44.730468-05:00,2022-11-20T11:04:11.730468-05:00,2022-11-20T11:02:28-05:00,2022-11-20T11:04:32-05:00,2022-11-20T11:01:00-05:00
MRAZZA,2022-11-20T11:04:43.217384-05:00,HOB,33rd Street via Hoboken,2022-11-20T11:05:12-05:00,2022-11-20T11:04:40-05:00,2022-11-20T11:02:28-05:00,2022-11-20T11:04:32-05:00,2022-11-20T11:01:00-05:00
OFFICIAL,2022-11-20T11:04:43.327196-05:00,HOB,33rd Street via Hoboken,2022-11-20T11:04:44.730468-05:00,2022-11-20T11:04:11.730468-05:00,2022-11-20T11:02:28-05:00,2022-11-20T11:04:32-05:00,2022-11-20T11:01:00-05:00
MRAZZA,2022-11-20T11:04:49.478880-05:00,HOB,33rd Street via Hoboken,2022-11-20T11:05:18-05:00,2022-11-20T11:04:45-05:00,2022-11-20T11:02:28-05:00,2022-11-20T11:04:32-05:00,2022-11-20T11:01:00-05:00
OFFICIAL,2022-11-20T11:04:49.629826-05:00,HOB,33rd Street via Hoboken,2022-11-20T11:04:44.666702-05:00,2022-11-20T11:03:16.666702-05:00,2022-11-20T11:02:28-05:00,2022-11-20T11:04:32-05:00,2022-11-20T11:01:00-05:00
OFFICIAL,2022-11-20T11:04:55.863184-05:00,HOB,33rd Street via Hoboken,2022-11-20T11:04:44.666702-05:00,2022-11-20T11:03:16.666702-05:00,2022-11-20T11:02:28-05:00,2022-11-20T11:04:32-05:00,2022-11-20T11:01:00-05:00
OFFICIAL,2022-11-20T11:05:03.671677-05:00,HOB,33rd Street via Hoboken,2022-11-20T11:04:44.788634-05:00,2022-11-20T11:03:51.788634-05:00,2022-11-20T11:02:28-05:00,2022-11-20T11:04:32-05:00,2022-11-20T11:01:00-05:00
OFFICIAL,2022-11-20T11:05:11.491258-05:00,HOB,33rd Street via Hoboken,2022-11-20T11:04:44.788634-05:00,2022-11-20T11:03:51.788634-05:00,2022-11-20T11:02:28-05:00,2022-11-20T11:04:32-05:00,2022-11-20T11:01:00-05:00
OFFICIAL,2022-11-20T11:05:16.803214-05:00,HOB,33rd Street via Hoboken,2022-11-20T11:04:44.788634-05:00,2022-11-20T11:03:51.788634-05:00,2022-11-20T11:02:28-05:00,2022-11-20T11:04:32-05:00,2022-11-20T11:01:00-05:00
OFFICIAL,2022-11-20T11:05:24.105434-05:00,HOB,33rd Street via Hoboken,2022-11-20T11:04:44.788634-05:00,2022-11-20T11:03:51.788634-05:00,2022-11-20T11:02:28-05:00,2022-11-20T11:04:32-05:00,2022-11-20T11:01:00-05:00
OFFICIAL,2022-11-20T11:05:29.388102-05:00,HOB,33rd Street via Hoboken,2022-11-20T11:04:44.788634-05:00,2022-11-20T11:03:51.788634-05:00,2022-11-20T11:02:28-05:00,2022-11-20T11:04:32-05:00,2022-11-20T11:01:00-05:00
OFFICIAL,2022-11-20T11:05:35.673150-05:00,HOB,33rd Street via Hoboken,2022-11-20T11:04:44.788634-05:00,2022-11-20T11:03:51.788634-05:00,2022-11-20T11:02:28-05:00,2022-11-20T11:04:32-05:00,2022-11-20T11:01:00-05:00
